study_hours,attendance,previous_marks,assignment_score,test_score,final_marks
3,51,68,83,99,67.85
10,99,82,97,32,77.9
2,61,82,45,91,63.15
1,50,81,99,58,59.1
3,55,85,95,44,60.75
1,81,52,89,68,57.5
5,61,86,97,95,78.94999999999999
1,78,84,77,84,67.25
5,66,81,82,95,76.19999999999999
7,84,61,31,41,56.75
4,61,52,72,69,58.199999999999996
1,60,63,42,50,45.55
10,62,47,59,69,67.15
5,92,69,51,94,72.19999999999999
9,81,72,61,87,79.05
9,56,72,81,72,74.55
1,86,87,77,75,66.94999999999999
2,64,39,43,63,45.55
7,86,33,90,94,72.15
10,69,38,91,95,77.25
6,82,68,90,43,65.55
5,62,43,96,47,56.199999999999996
9,70,51,57,90,72.3
9,52,83,53,57,68.75
1,97,42,32,41,42.099999999999994
6,77,51,31,89,63.199999999999996
1,75,38,48,59,44.7
5,68,54,73,81,64.9
8,86,38,56,66,63.3
5,72,31,81,96,64.69999999999999
9,78,39,74,54,64.05000000000001
4,77,82,54,48,60.15
2,93,81,74,74,67.80000000000001
6,54,31,33,68,49.800000000000004
8,65,54,99,33,62.35
1,82,34,36,33,36.449999999999996
9,52,87,87,32,68.6
2,63,62,65,46,50.2
7,100,32,72,45,59.05
7,88,86,93,36,71.65
9,94,42,61,57,66.0
1,98,93,70,98,74.95
9,50,61,32,45,56.8
7,70,95,50,34,64.25
10,91,68,64,97,84.5
7,53,91,45,90,73.95
9,76,81,31,66,70.8
8,60,53,43,74,63.2
3,60,85,78,61,63.2
1,94,54,86,49,54.75
5,88,77,93,91,79.15
4,77,36,36,46,45.449999999999996
7,59,45,80,97,70.35
3,81,94,49,78,68.5
8,63,41,42,86,63.5
3,60,34,88,67,53.45
1,61,73,34,76,53.5
10,72,76,87,40,72.85
9,74,39,84,75,70.2
7,91,47,31,31,51.8
10,62,84,78,34,70.5
3,83,68,56,67,60.6
9,52,37,56,31,51.199999999999996
4,56,69,100,36,57.65
8,58,77,97,81,78.75
8,51,52,76,40,58.05
4,58,64,30,50,49.7
7,88,69,94,60,73.55000000000001
3,88,74,99,34,61.050000000000004
3,85,72,31,43,52.15
9,64,82,65,37,67.1
1,69,57,94,36,49.7
5,51,63,59,58,56.75
10,71,82,49,90,81.0
2,83,73,78,35,55.150000000000006
2,64,74,39,89,60.2
5,70,46,45,53,52.0
4,53,44,50,69,51.7
1,53,60,90,87,60.2
9,90,56,30,77,69.25
2,52,65,63,49,49.75
8,64,91,74,55,73.2
4,86,31,92,91,65.19999999999999
4,75,56,32,83,58.8
5,75,89,57,54,65.55
10,66,49,92,80,75.94999999999999
6,86,83,61,49,67.05
2,71,67,43,65,54.1
2,83,91,69,51,62.300000000000004
1,55,37,54,98,52.1
4,99,34,78,61,58.3
5,73,38,32,44,46.25
6,99,73,50,41,62.85
1,54,42,41,91,49.5
10,55,79,87,37,70.3
10,50,75,59,35,63.85
1,54,85,50,93,62.1
5,73,73,89,69,69.80000000000001
6,100,90,37,67,71.8
7,88,32,33,68,57.150000000000006
